subsystem|bucket|file|line|size_expr|hint|code
bfd|C|internal/plugins/bfd/auth/persist.go|171|0, len(key|builder cap variable (len(key)|b := make([]byte, 0, len(key))
bfd|C|internal/plugins/bfd/auth/sha1.go|144|v.bodyLen-8|variable (v.bodyLen-8)|received := make([]byte, v.bodyLen-8)
bfd|C|internal/plugins/bfd/auth/sha1.go|146|c.Length|variable (c.Length)|scratch := make([]byte, c.Length)
bfd|A|internal/plugins/bfd/auth/sha1.go|57|keySize|named constant keySize|key := make([]byte, keySize)
bfd|A|internal/plugins/bfd/auth/sha1.go|105|keySize|named constant keySize|key := make([]byte, keySize)
bfd|A|internal/plugins/bfd/packet/pool.go|46|PoolBufSize|named constant PoolBufSize|b := make([]byte, PoolBufSize)
bfd|A|internal/plugins/bfd/packet/pool.go|59|PoolBufSize|named constant PoolBufSize|b := make([]byte, PoolBufSize)
bfd|A|internal/plugins/bfd/transport/udp.go|251|rxPoolSize*rxBufLen|pool backing (rxPoolSize*rxBufLen)|backing := make([]byte, rxPoolSize*rxBufLen)
bfd|A|internal/plugins/bfd/transport/udp.go|252|rxPoolSize*oobBufLen|pool backing (rxPoolSize*oobBufLen)|oobBacking := make([]byte, rxPoolSize*oobBufLen)
bgp/attribute|C|internal/component/bgp/attribute/builder.go|377|b.Len(|variable (b.Len()|buf := make([]byte, b.Len())
bgp/attribute|C|internal/component/bgp/attribute/mpnlri.go|211|len(data|variable (len(data)|m.NLRI = make([]byte, len(data)-nlriOffset)
bgp/attribute|C|internal/component/bgp/attribute/mpnlri.go|507|len(data|variable (len(data)|m.NLRI = make([]byte, len(data)-3)
bgp/attribute|A|internal/component/bgp/attribute/wire.go|354|total|named constant total|buf := make([]byte, total)
bgp/attrpool|A|internal/component/bgp/attrpool/pool.go|138|0, initialCapacity|pool constructor (file=pool.go)|p.buffers[0].data = make([]byte, 0, initialCapacity)
bgp/attrpool|A|internal/component/bgp/attrpool/pool.go|459|0, newSize|pool constructor (file=pool.go)|p.buffers[newBit].data = make([]byte, 0, newSize)
bgp/attrpool|A|internal/component/bgp/attrpool/pool.go|569|len(oldData|pool constructor (file=pool.go)|buf.data = make([]byte, len(oldData), newCap)
bgp/attrpool|A|internal/component/bgp/attrpool/pool.go|710|0, liveBytes+liveBytes/4|pool constructor (file=pool.go)|newData := make([]byte, 0, liveBytes+liveBytes/4) // 25% headroom
bgp/context|A|internal/component/bgp/context/context.go|236|8|literal 8|buf := make([]byte, 8)
bgp/context|A|internal/component/bgp/context/context.go|270|4|literal 4|buf := make([]byte, 4)
bgp/context|A|internal/component/bgp/context/context.go|299|5|literal 5|buf := make([]byte, 5)
bgp/format|C|internal/component/bgp/format/decode.go|152|cap.Len(|variable (cap.Len()|buf := make([]byte, cap.Len())
bgp/format|C|internal/component/bgp/format/text_human.go|207|attr.Len(|variable (attr.Len()|attrBuf := make([]byte, attr.Len())
bgp/format|C|internal/component/bgp/format/text_json.go|343|attr.Len(|variable (attr.Len()|attrBuf := make([]byte, attr.Len())
bgp/grmarker|C|internal/component/bgp/grmarker/grmarker.go|45|markerLen|variable (markerLen)|buf := make([]byte, markerLen)
bgp/grmarker|C|internal/component/bgp/grmarker/grmarker.go|117|len(ic.Value|variable (len(ic.Value)|valueCopy := make([]byte, len(ic.Value))
bgp/message|C|internal/component/bgp/message/attr_discard.go|219|keepSize+discardTotalLen|variable (keepSize+discardTotalLen)|result := make([]byte, keepSize+discardTotalLen)
bgp/message|C|internal/component/bgp/message/attr_discard.go|298|withdrawnEnd+2+newAttrLen+len(nlri|variable (withdrawnEnd+2+newAttrLen+len(nlri)|newBody := make([]byte, withdrawnEnd+2+newAttrLen+len(nlri))
bgp/message|C|internal/component/bgp/message/common_attrs.go|65|v.Len(|variable (v.Len()|buf := make([]byte, v.Len())
bgp/message|C|internal/component/bgp/message/message.go|50|size|variable (size)|buf := make([]byte, size)
bgp/message|C|internal/component/bgp/message/notification.go|212|len(data|variable (len(data)|dataCopy := make([]byte, len(data)-2)
bgp/message|C|internal/component/bgp/message/notification.go|317|1+len(b|variable (1+len(b)|data := make([]byte, 1+len(b))
bgp/message|C|internal/component/bgp/message/open.go|202|extOptLen|variable (extOptLen)|o.OptionalParams = make([]byte, extOptLen)
bgp/message|C|internal/component/bgp/message/open.go|212|optLen|variable (optLen)|o.OptionalParams = make([]byte, optLen)
bgp/message|C|internal/component/bgp/message/update_build.go|62|wire.StandardMaxSize|variable (wire.StandardMaxSize)|ub.scratch = make([]byte, wire.StandardMaxSize)
bgp/message|C|internal/component/bgp/message/update_build.go|74|newSize|variable (newSize)|newBuf := make([]byte, newSize)
bgp/message|C|internal/component/bgp/message/update_build.go|290|nlri.LenWithContext(inet, ub.AddPath|variable (nlri.LenWithContext(inet, ub.AddPath)|inlineNLRI = make([]byte, nlri.LenWithContext(inet, ub.AddPath))
bgp/message|C|internal/component/bgp/message/update_build.go|330|attrSize+rawSize|variable (attrSize+rawSize)|attrBytes := make([]byte, attrSize+rawSize)
bgp/message|C|internal/component/bgp/message/update_build.go|496|totalSize|variable (totalSize)|result := make([]byte, totalSize)
bgp/message|C|internal/component/bgp/message/update_build_flowspec.go|118|attribute.AttributesSize(attrs|variable (attribute.AttributesSize(attrs)|attrBytes := make([]byte, attribute.AttributesSize(attrs))
bgp/message|C|internal/component/bgp/message/update_build_grouped.go|207|attrSize+rawSize|variable (attrSize+rawSize)|attrBytes := make([]byte, attrSize+rawSize)
bgp/message|C|internal/component/bgp/message/update_build_mup.go|106|attribute.AttributesSize(attrs|variable (attribute.AttributesSize(attrs)|attrBytes := make([]byte, attribute.AttributesSize(attrs))
bgp/message|C|internal/component/bgp/message/update_build_mup.go|211|attribute.AttributesSize(attrs|variable (attribute.AttributesSize(attrs)|attrBytes := make([]byte, attribute.AttributesSize(attrs))
bgp/message|C|internal/component/bgp/message/update_build_mvpn.go|144|attribute.AttributesSize(attrs|variable (attribute.AttributesSize(attrs)|attrBytes := make([]byte, attribute.AttributesSize(attrs))
bgp/message|C|internal/component/bgp/message/update_build_vpls.go|118|attribute.AttributesSize(attrs|variable (attribute.AttributesSize(attrs)|attrBytes := make([]byte, attribute.AttributesSize(attrs))
bgp/message|C|internal/component/bgp/message/update_split.go|204|hdrLen+attrLen|variable (hdrLen+attrLen)|attrBuf := make([]byte, hdrLen+attrLen)
bgp/message|C|internal/component/bgp/message/update_split.go|246|hdrLen+attrLen|variable (hdrLen+attrLen)|attrBuf := make([]byte, hdrLen+attrLen)
bgp/message|C|internal/component/bgp/message/update_split.go|268|0, len(pathAttrs|builder cap variable (len(pathAttrs)|result := make([]byte, 0, len(pathAttrs)-(end-start))
bgp/message|A|internal/component/bgp/message/eor.go|31|7|literal 7|attrBytes := make([]byte, 7)
bgp/nlri|C|internal/component/bgp/nlri/base.go|72|len(r.data|variable (len(r.data)|result := make([]byte, len(r.data))
bgp/nlri|C|internal/component/bgp/nlri/inet.go|164|1+prefixBytes|variable (1+prefixBytes)|buf := make([]byte, 1+prefixBytes)
bgp/nlri|C|internal/component/bgp/nlri/rd.go|276|len(labels|variable (len(labels)|buf := make([]byte, len(labels)*3)
bgp/nlri|A|internal/component/bgp/nlri/rd.go|76|8|literal 8|buf := make([]byte, 8)
bgp/plugins|C|internal/component/bgp/plugins/adj_rib_in/rib.go|653|4+1+prefixBytes|variable (4+1+prefixBytes)|wire = make([]byte, 4+1+prefixBytes)
bgp/plugins|C|internal/component/bgp/plugins/adj_rib_in/rib.go|661|1+prefixBytes|variable (1+prefixBytes)|wire = make([]byte, 1+prefixBytes)
bgp/plugins|C|internal/component/bgp/plugins/bmp/bmp.go|349|CommonHeaderSize|variable (CommonHeaderSize)|headerBuf := make([]byte, CommonHeaderSize)
bgp/plugins|C|internal/component/bgp/plugins/bmp/bmp.go|381|msgLen|composite uint8-length fields (msgLen)|msgBuf := make([]byte, msgLen)
bgp/plugins|C|internal/component/bgp/plugins/bmp/sender.go|121|CommonHeaderSize+TLVHeaderSize+2+TLVHeaderSize+14|variable (CommonHeaderSize+TLVHeaderSize+2+TLVHeaderSize+14)|buf := make([]byte, CommonHeaderSize+TLVHeaderSize+2+TLVHeaderSize+14)
bgp/plugins|C|internal/component/bgp/plugins/bmp/sender.go|136|CommonHeaderSize+TLVHeaderSize+13|variable (CommonHeaderSize+TLVHeaderSize+13)|buf := make([]byte, CommonHeaderSize+TLVHeaderSize+13)
bgp/plugins|C|internal/component/bgp/plugins/bmp/sender.go|248|CommonHeaderSize+PeerHeaderSize+peerUpFixedSize+len(sentOpen|variable (CommonHeaderSize+PeerHeaderSize+peerUpFixedSize+len(sentOpen)|buf := make([]byte, CommonHeaderSize+PeerHeaderSize+peerUpFixedSize+len(sentOpen)+len(recvOpen))
bgp/plugins|C|internal/component/bgp/plugins/bmp/sender.go|260|CommonHeaderSize+PeerHeaderSize+1+len(data|variable (CommonHeaderSize+PeerHeaderSize+1+len(data)|buf := make([]byte, CommonHeaderSize+PeerHeaderSize+1+len(data))
bgp/plugins|C|internal/component/bgp/plugins/bmp/sender.go|271|CommonHeaderSize+PeerHeaderSize+len(bgpUpdate|variable (CommonHeaderSize+PeerHeaderSize+len(bgpUpdate)|buf := make([]byte, CommonHeaderSize+PeerHeaderSize+len(bgpUpdate))
bgp/plugins|C|internal/component/bgp/plugins/bmp/sender.go|287|size|variable (size)|buf := make([]byte, size)
bgp/plugins|C|internal/component/bgp/plugins/filter_community/filter.go|120|len(payload|variable (len(payload)|result := make([]byte, len(payload)+newAttrLen)
bgp/plugins|C|internal/component/bgp/plugins/filter_community/filter.go|162|len(payload|variable (len(payload)|result := make([]byte, len(payload)+addLen+extraBytes)
bgp/plugins|C|internal/component/bgp/plugins/filter_community/filter.go|222|valueSize|variable (valueSize)|valCopy := make([]byte, valueSize)
bgp/plugins|C|internal/component/bgp/plugins/filter_community/filter.go|240|len(payload|variable (len(payload)|result := make([]byte, len(payload)-removedLen)
bgp/plugins|C|internal/component/bgp/plugins/filter_community/filter.go|252|len(payload|variable (len(payload)|result := make([]byte, len(payload)+diff)
bgp/plugins|C|internal/component/bgp/plugins/filter_community/handler.go|69|len(val|variable (len(val)|data = make([]byte, len(val))
bgp/plugins|C|internal/component/bgp/plugins/filter_community/handler.go|88|len(op.Buf|variable (len(op.Buf)|data = make([]byte, len(op.Buf))
bgp/plugins|C|internal/component/bgp/plugins/filter_prefix/filter_prefix.go|178|0, n|builder cap variable (n)|b := make([]byte, 0, n)
bgp/plugins|C|internal/component/bgp/plugins/hostname/hostname.go|61|1+len(host|variable (1+len(host)|data := make([]byte, 1+len(host)+1+len(domain))
bgp/plugins|C|internal/component/bgp/plugins/nlri/evpn/plugin.go|114|evpnNLRI.Len(|variable (evpnNLRI.Len()|buf := make([]byte, evpnNLRI.Len())
bgp/plugins|C|internal/component/bgp/plugins/nlri/evpn/types.go|295|2+payloadLen|variable (2+payloadLen)|buf := make([]byte, 2+payloadLen)
bgp/plugins|C|internal/component/bgp/plugins/nlri/evpn/types.go|450|2+payloadLen|variable (2+payloadLen)|buf := make([]byte, 2+payloadLen)
bgp/plugins|C|internal/component/bgp/plugins/nlri/evpn/types.go|576|2+payloadLen|variable (2+payloadLen)|buf := make([]byte, 2+payloadLen)
bgp/plugins|C|internal/component/bgp/plugins/nlri/evpn/types.go|696|2+payloadLen|variable (2+payloadLen)|buf := make([]byte, 2+payloadLen)
bgp/plugins|C|internal/component/bgp/plugins/nlri/evpn/types.go|836|2+payloadLen|variable (2+payloadLen)|buf := make([]byte, 2+payloadLen)
bgp/plugins|C|internal/component/bgp/plugins/nlri/flowspec/types.go|278|0, len(sorted|builder cap variable (len(sorted)|data := make([]byte, 0, len(sorted)*4)
bgp/plugins|C|internal/component/bgp/plugins/nlri/flowspec/types.go|306|2+len(data|variable (2+len(data)|f.cached = make([]byte, 2+len(data))
bgp/plugins|C|internal/component/bgp/plugins/nlri/flowspec/types_prefix.go|65|3+prefixBytes|variable (3+prefixBytes)|data := make([]byte, 3+prefixBytes)
bgp/plugins|C|internal/component/bgp/plugins/nlri/flowspec/types_prefix.go|77|2+prefixBytes|variable (2+prefixBytes)|data := make([]byte, 2+prefixBytes)
bgp/plugins|C|internal/component/bgp/plugins/nlri/flowspec/types_vpn.go|94|1+payloadLen|variable (1+payloadLen)|f.cached = make([]byte, 1+payloadLen)
bgp/plugins|C|internal/component/bgp/plugins/nlri/flowspec/types_vpn.go|99|2+payloadLen|variable (2+payloadLen)|f.cached = make([]byte, 2+payloadLen)
bgp/plugins|C|internal/component/bgp/plugins/nlri/labeled/types.go|112|1+len(labelBytes|variable (1+len(labelBytes)|buf := make([]byte, 1+len(labelBytes)+prefixBytes)
bgp/plugins|C|internal/component/bgp/plugins/nlri/ls/attr.go|202|len(data|variable (len(data)|buf := make([]byte, len(data)*2)
bgp/plugins|C|internal/component/bgp/plugins/nlri/ls/attr_link.go|373|len(data|variable (len(data)|cp := make([]byte, len(data))
bgp/plugins|C|internal/component/bgp/plugins/nlri/ls/attr_link.go|691|neighborIDLen|variable (neighborIDLen)|t.NeighborID = make([]byte, neighborIDLen)
bgp/plugins|C|internal/component/bgp/plugins/nlri/ls/attr_node.go|90|len(data|variable (len(data)|cp := make([]byte, len(data))
bgp/plugins|C|internal/component/bgp/plugins/nlri/ls/attr_node.go|142|len(data|variable (len(data)|cp := make([]byte, len(data))
bgp/plugins|C|internal/component/bgp/plugins/nlri/ls/attr_prefix.go|110|len(data|variable (len(data)|cp := make([]byte, len(data))
bgp/plugins|C|internal/component/bgp/plugins/nlri/ls/attr_prefix.go|315|len(data|variable (len(data)|cp := make([]byte, len(data))
bgp/plugins|C|internal/component/bgp/plugins/nlri/ls/types.go|417|len(value|variable (len(value)|nd.IGPRouterID = make([]byte, len(value))
bgp/plugins|C|internal/component/bgp/plugins/nlri/ls/types.go|428|len(value|variable (len(value)|sid := make([]byte, len(value))
bgp/plugins|C|internal/component/bgp/plugins/nlri/ls/types.go|478|4+len(v|variable (4+len(v)|data := make([]byte, 4+len(v))
bgp/plugins|C|internal/component/bgp/plugins/nlri/ls/types_nlri.go|46|9+len(localNodeTLV|variable (9+len(localNodeTLV)|body := make([]byte, 9+len(localNodeTLV))
bgp/plugins|C|internal/component/bgp/plugins/nlri/ls/types_nlri.go|52|4+len(body|variable (4+len(body)|n.cached = make([]byte, 4+len(body))
bgp/plugins|C|internal/component/bgp/plugins/nlri/ls/types_nlri.go|149|bodyLen|variable (bodyLen)|body := make([]byte, bodyLen)
bgp/plugins|C|internal/component/bgp/plugins/nlri/ls/types_nlri.go|160|4+len(body|variable (4+len(body)|l.cached = make([]byte, 4+len(body))
bgp/plugins|C|internal/component/bgp/plugins/nlri/ls/types_nlri.go|279|bodyLen|variable (bodyLen)|body := make([]byte, bodyLen)
bgp/plugins|C|internal/component/bgp/plugins/nlri/ls/types_nlri.go|288|4+len(body|variable (4+len(body)|p.cached = make([]byte, 4+len(body))
bgp/plugins|C|internal/component/bgp/plugins/nlri/ls/types_srv6.go|110|bodyLen|variable (bodyLen)|body := make([]byte, bodyLen)
bgp/plugins|C|internal/component/bgp/plugins/nlri/ls/types_srv6.go|119|4+len(body|variable (4+len(body)|s.cached = make([]byte, 4+len(body))
bgp/plugins|C|internal/component/bgp/plugins/nlri/mup/encode.go|146|n|variable (n)|nlriBytes := make([]byte, n)
bgp/plugins|C|internal/component/bgp/plugins/nlri/mup/types.go|180|4+len(totalData|variable (4+len(totalData)|m.cached = make([]byte, 4+len(totalData))
bgp/plugins|C|internal/component/bgp/plugins/nlri/mup/types.go|243|len(m.data|variable (len(m.data)|result := make([]byte, len(m.data))
bgp/plugins|C|internal/component/bgp/plugins/nlri/mvpn/types.go|172|2+len(totalData|variable (2+len(totalData)|m.cached = make([]byte, 2+len(totalData))
bgp/plugins|C|internal/component/bgp/plugins/nlri/mvpn/types.go|236|len(m.data|variable (len(m.data)|result := make([]byte, len(m.data))
bgp/plugins|C|internal/component/bgp/plugins/nlri/vpn/types.go|250|1+len(labelBytes|variable (1+len(labelBytes)|buf := make([]byte, 1+len(labelBytes)+8+prefixBytes)
bgp/plugins|C|internal/component/bgp/plugins/rib/rib_commands.go|983|len(nlriBytes|variable (len(nlriBytes)|nlriCopy := make([]byte, len(nlriBytes))
bgp/plugins|C|internal/component/bgp/plugins/rib/rib_commands.go|1035|len(oldData|variable (len(oldData)|newData = make([]byte, len(oldData)+4)
bgp/plugins|C|internal/component/bgp/plugins/rib/rib_nlri.go|100|4+1+prefixBytes|variable (4+1+prefixBytes)|wire = make([]byte, 4+1+prefixBytes)
bgp/plugins|C|internal/component/bgp/plugins/rib/rib_nlri.go|108|1+prefixBytes|variable (1+prefixBytes)|wire = make([]byte, 1+prefixBytes)
bgp/plugins|C|internal/component/bgp/plugins/rib/storage/nlrikey.go|57|1+byteLen|variable (1+byteLen)|result := make([]byte, 1+byteLen)
bgp/plugins|C|internal/component/bgp/plugins/role/otc.go|86|len(attrs|variable (len(attrs)|result := make([]byte, len(attrs)+otcWireLen)
bgp/plugins|C|internal/component/bgp/plugins/role/otc.go|253|len(payload|variable (len(payload)|result := make([]byte, len(payload)+otcWireLen)
bgp/plugins|C|internal/component/bgp/plugins/rpki/rtr_session.go|112|pduSerialQueryLen|variable (pduSerialQueryLen)|buf := make([]byte, pduSerialQueryLen)
bgp/plugins|C|internal/component/bgp/plugins/rpki/rtr_session.go|131|pduHeaderLen|variable (pduHeaderLen)|headerBuf := make([]byte, pduHeaderLen)
bgp/plugins|C|internal/component/bgp/plugins/rpki/rtr_session.go|156|int(hdr.Length|variable (int(hdr.Length)|pduBuf = make([]byte, int(hdr.Length))
bgp/plugins|C|internal/component/bgp/plugins/softver/softver.go|54|1+len(version|variable (1+len(version)|data := make([]byte, 1+len(version))
bgp/plugins|A|internal/component/bgp/plugins/bmp/msg.go|411|29|literal 29|buf := make([]byte, 29)
bgp/plugins|A|internal/component/bgp/plugins/bmp/sender.go|171|1|literal 1|discard := make([]byte, 1)
bgp/plugins|A|internal/component/bgp/plugins/bmp/sender.go|294|8|literal 8|v := make([]byte, 8)
bgp/plugins|A|internal/component/bgp/plugins/filter_community/config.go|208|4|literal 4|buf := make([]byte, 4)
bgp/plugins|A|internal/component/bgp/plugins/filter_community/config.go|219|12|literal 12|buf := make([]byte, 12)
bgp/plugins|A|internal/component/bgp/plugins/filter_community/config.go|262|8|literal 8|buf := make([]byte, 8)
bgp/plugins|A|internal/component/bgp/plugins/nlri/ls/plugin.go|612|16|literal 16|addr := make([]byte, 16)
bgp/plugins|A|internal/component/bgp/plugins/nlri/ls/plugin.go|617|4|literal 4|addr := make([]byte, 4)
bgp/plugins|A|internal/component/bgp/plugins/nlri/ls/types.go|486|4|literal 4|b := make([]byte, 4)
bgp/plugins|A|internal/component/bgp/plugins/nlri/ls/types_descriptor.go|158|8|literal 8|val := make([]byte, 8)
bgp/plugins|A|internal/component/bgp/plugins/nlri/mvpn/types.go|231|10|literal 10|rdBytes := make([]byte, 10)
bgp/plugins|A|internal/component/bgp/plugins/nlri/rtc/types.go|46|8|literal 8|buf := make([]byte, 8)
bgp/plugins|A|internal/component/bgp/plugins/nlri/rtc/types.go|163|13|literal 13|r.cached = make([]byte, 13)
bgp/plugins|A|internal/component/bgp/plugins/nlri/vpls/types.go|145|19|literal 19|v.cached = make([]byte, 19)
bgp/plugins|A|internal/component/bgp/plugins/rib/rib_commands.go|1039|4|literal 4|newData = make([]byte, 4)
bgp/plugins|A|internal/component/bgp/plugins/rib/rib_nlri.go|273|4|literal 4|ip := make([]byte, 4)
bgp/plugins|A|internal/component/bgp/plugins/rib/rib_nlri.go|279|16|literal 16|ip := make([]byte, 16)
bgp/plugins|A|internal/component/bgp/plugins/rs/worker.go|202|4096|literal 4096|buf := make([]byte, 4096)
bgp/reactor|C|internal/component/bgp/reactor/filter_delta.go|75|0, len(tokens[2:]|builder cap variable (len(tokens[2:])|buf := make([]byte, 0, len(tokens[2:])*5)
bgp/reactor|C|internal/component/bgp/reactor/filter_delta.go|313|totalSize|variable (totalSize)|buf := make([]byte, totalSize)
bgp/reactor|C|internal/component/bgp/reactor/filter_delta.go|385|len(tokens|variable (len(tokens)|buf := make([]byte, len(tokens)*4)
bgp/reactor|C|internal/component/bgp/reactor/filter_delta.go|403|len(tokens|variable (len(tokens)|buf := make([]byte, len(tokens)*12)
bgp/reactor|C|internal/component/bgp/reactor/filter_delta.go|450|len(tokens|variable (len(tokens)|buf := make([]byte, len(tokens)*4)
bgp/reactor|C|internal/component/bgp/reactor/filter_delta.go|501|wireLen|variable (wireLen)|buf := make([]byte, wireLen)
bgp/reactor|C|internal/component/bgp/reactor/forward_build.go|122|needSize|variable (needSize)|buf = make([]byte, needSize)
bgp/reactor|C|internal/component/bgp/reactor/forward_build.go|303|off|variable (off)|result := make([]byte, off)
bgp/reactor|C|internal/component/bgp/reactor/forward_build.go|343|2+len(nlriBytes|variable (2+len(nlriBytes)|result := make([]byte, 2+len(nlriBytes)+2)
bgp/reactor|C|internal/component/bgp/reactor/forward_build.go|403|3+len(nlriData|variable (3+len(nlriData)|unreachVal := make([]byte, 3+len(nlriData))
bgp/reactor|C|internal/component/bgp/reactor/forward_build.go|411|4+len(unreachVal|variable (4+len(unreachVal)|unreachAttr = make([]byte, 4+len(unreachVal))
bgp/reactor|C|internal/component/bgp/reactor/forward_build.go|417|3+len(unreachVal|variable (3+len(unreachVal)|unreachAttr = make([]byte, 3+len(unreachVal))
bgp/reactor|C|internal/component/bgp/reactor/forward_build.go|425|2+2+len(unreachAttr|variable (2+2+len(unreachAttr)|result := make([]byte, 2+2+len(unreachAttr))
bgp/reactor|C|internal/component/bgp/reactor/peer_static_routes.go|242|totalSize|variable (totalSize)|buf := make([]byte, totalSize)
bgp/reactor|C|internal/component/bgp/reactor/reactor_api_forward.go|935|len(data|variable (len(data)|result := make([]byte, len(data))
bgp/reactor|C|internal/component/bgp/reactor/reactor_notify.go|283|len(rawBytes|variable (len(rawBytes)|bytes := make([]byte, len(rawBytes))
bgp/reactor|C|internal/component/bgp/reactor/session_negotiate.go|161|2+capTotal|variable (2+capTotal)|buf := make([]byte, 2+capTotal)
bgp/reactor|C|internal/component/bgp/reactor/session_validation.go|272|len(families|variable (len(families)|data := make([]byte, len(families)*6)
bgp/reactor|C|internal/component/bgp/reactor/session_validation.go|294|len(codes|variable (len(codes)|data := make([]byte, len(codes)*2)
bgp/reactor|A|internal/component/bgp/reactor/bufmux.go|45|total*bufSize|pool backing (total*bufSize)|backing   []byte // single allocation: make([]byte, total*bufSize)
bgp/reactor|A|internal/component/bgp/reactor/bufmux.go|103|count*bufSize|pool backing (count*bufSize)|backing:   make([]byte, count*bufSize),
bgp/reactor|A|internal/component/bgp/reactor/bufmux.go|789|needed*overflowBlockSize|pool backing (needed*overflowBlockSize)|backing := make([]byte, needed*overflowBlockSize) // one allocation: buffer memory
bgp/reactor|A|internal/component/bgp/reactor/filter_delta.go|352|4|literal 4|buf := make([]byte, 4)
bgp/reactor|A|internal/component/bgp/reactor/filter_delta.go|371|8|literal 8|buf := make([]byte, 8)
bgp/reactor|A|internal/component/bgp/reactor/forward_build.go|21|4096|literal 4096|buf := make([]byte, 4096)
bgp/reactor|A|internal/component/bgp/reactor/forward_build.go|119|4096|literal 4096|buf = make([]byte, 4096)
bgp/reactor|A|internal/component/bgp/reactor/forward_pool.go|219|peerPoolSize*bufSize|pool backing (peerPoolSize*bufSize)|backing: make([]byte, peerPoolSize*bufSize),
bgp/reactor|A|internal/component/bgp/reactor/listener.go|157|4096|literal 4096|buf := make([]byte, 4096)
bgp/reactor|A|internal/component/bgp/reactor/listener.go|209|4096|literal 4096|buf := make([]byte, 4096)
bgp/reactor|A|internal/component/bgp/reactor/peer_initial_sync.go|27|4096|literal 4096|buf := make([]byte, 4096)
bgp/reactor|A|internal/component/bgp/reactor/peer_run.go|168|4096|literal 4096|buf := make([]byte, 4096)
bgp/reactor|A|internal/component/bgp/reactor/peer_run.go|402|4096|literal 4096|buf := make([]byte, 4096)
bgp/reactor|A|internal/component/bgp/reactor/reactor.go|1294|4096|literal 4096|buf := make([]byte, 4096)
bgp/reactor|A|internal/component/bgp/reactor/reactor_api.go|773|total|named constant total|buf := make([]byte, total)
bgp/reactor|A|internal/component/bgp/reactor/reactor_api_forward.go|792|32|literal 32|nh := make([]byte, 32)
bgp/reactor|A|internal/component/bgp/reactor/reactor_connection.go|175|message.MaxMsgLen|named constant message.MaxMsgLen|buf := make([]byte, message.MaxMsgLen)
bgp/reactor|A|internal/component/bgp/reactor/recent_cache.go|212|4096|literal 4096|buf := make([]byte, 4096)
bgp/reactor|A|internal/component/bgp/reactor/session.go|578|4096|literal 4096|buf := make([]byte, 4096)
bgp/reactor|A|internal/component/bgp/reactor/session_prefix.go|392|7|literal 7|data := make([]byte, 7)
bgp/reactor|A|internal/component/bgp/reactor/signal.go|143|4096|literal 4096|buf := make([]byte, 4096)
bgp/rib|C|internal/component/bgp/rib/commit.go|160|totalSize|variable (totalSize)|nlriBytes := make([]byte, totalSize)
bgp/rib|C|internal/component/bgp/rib/commit.go|194|nlriLen|variable (nlriLen)|nlriBytes := make([]byte, nlriLen)
bgp/rib|C|internal/component/bgp/rib/commit.go|295|totalLen|variable (totalLen)|buf := make([]byte, totalLen)
bgp/rib|C|internal/component/bgp/rib/commit.go|446|valueLen|variable (valueLen)|value := make([]byte, valueLen)
bgp/rib|C|internal/component/bgp/rib/grouping.go|135|attr.Len(|variable (attr.Len()|attrBuf := make([]byte, attr.Len())
bgp/rib|C|internal/component/bgp/rib/outgoing.go|152|3+nlriLen|variable (3+nlriLen)|buf := make([]byte, 3+nlriLen)
bgp/rib|C|internal/component/bgp/rib/route.go|199|r.nlri.Len(|variable (r.nlri.Len()|buf := make([]byte, r.nlri.Len())
bgp/rib|C|internal/component/bgp/rib/route.go|205|nlriLen|variable (nlriLen)|buf := make([]byte, nlriLen)
bgp/rib|C|internal/component/bgp/rib/route.go|234|totalSize|variable (totalSize)|result := make([]byte, totalSize)
bgp/rib|C|internal/component/bgp/rib/route.go|268|size|variable (size)|buf := make([]byte, size)
bgp/rib|C|internal/component/bgp/rib/store.go|46|h.attr.Len(|variable (h.attr.Len()|buf := make([]byte, h.attr.Len())
bgp/rib|C|internal/component/bgp/rib/store.go|65|hLen|variable (hLen)|hBytes := make([]byte, hLen)
bgp/rib|C|internal/component/bgp/rib/store.go|67|oLen|variable (oLen)|oBytes := make([]byte, oLen)
bgp/rib|C|internal/component/bgp/rib/store.go|93|payloadLen|variable (payloadLen)|payload := make([]byte, payloadLen)
bgp/rib|C|internal/component/bgp/rib/store.go|98|4+payloadLen|variable (4+payloadLen)|key := make([]byte, 4+payloadLen)
bgp/rib|C|internal/component/bgp/rib/update.go|68|attribute.AttributesSize(attrs|variable (attribute.AttributesSize(attrs)|attrBytes := make([]byte, attribute.AttributesSize(attrs))
bgp/rib|C|internal/component/bgp/rib/update.go|88|totalLen|variable (totalLen)|buf := make([]byte, totalLen)
bgp/rib|A|internal/component/bgp/rib/commit.go|434|12|literal 12|nhBytes = make([]byte, 12)
bgp/rib|A|internal/component/bgp/rib/commit.go|439|24|literal 24|nhBytes = make([]byte, 24)
bgp/rib|A|internal/component/bgp/rib/route.go|339|0, 128|byte-builder capacity hint (0, 128)|buf := make([]byte, 0, 128)
bgp/transaction|C|internal/component/bgp/transaction/commit_manager.go|92|3+nlriLen|variable (3+nlriLen)|buf := make([]byte, 3+nlriLen)
bgp/wire|C|internal/component/bgp/wire/writer.go|54|size|variable (size)|buf: make([]byte, size),
bgp/wire|C|internal/component/bgp/wire/writer.go|161|targetSize|variable (targetSize)|newBuf := make([]byte, targetSize)
bgp/wireu|C|internal/component/bgp/wireu/extract.go|256|0, len(packed|builder cap variable (len(packed)|result := make([]byte, 0, len(packed))
bgp/wireu|C|internal/component/bgp/wireu/prefix.go|28|addrSize|variable (addrSize)|addrBytes := make([]byte, addrSize)
bgp/wireu|C|internal/component/bgp/wireu/split.go|416|headerLen+valueLen|variable (headerLen+valueLen)|buf := make([]byte, headerLen+valueLen)
bgp/wireu|C|internal/component/bgp/wireu/split.go|452|2+wLen+2+aLen+len(ipv4NLRI|variable (2+wLen+2+aLen+len(ipv4NLRI)|buf := make([]byte, 2+wLen+2+aLen+len(ipv4NLRI))
l2tp|C|internal/component/l2tp/pppox_linux.go|109|size|variable (size)|buf := make([]byte, size)
l2tp|C|internal/component/l2tp/reliable.go|311|length|variable (length)|bytes := make([]byte, length)
l2tp|C|internal/component/l2tp/reliable_reorder.go|61|len(payload|variable (len(payload)|buf := make([]byte, len(payload))
l2tp|B|internal/component/l2tp/genl_linux.go|218|pad|padding bytes <=3|buf = append(buf, make([]byte, pad)...)
l2tp|A|internal/component/l2tp/auth.go|47|total|named constant total|in = make([]byte, total)
l2tp|A|internal/component/l2tp/genl_linux.go|211|4|literal 4|hdr := make([]byte, 4)
l2tp|A|internal/component/l2tp/hidden.go|128|total|named constant total|in = make([]byte, total)
l2tp|A|internal/component/l2tp/hidden.go|144|total|named constant total|in = make([]byte, total)
l2tp|A|internal/component/l2tp/listener.go|234|rxPoolSize*rxBufLen|pool backing (rxPoolSize*rxBufLen)|backing := make([]byte, rxPoolSize*rxBufLen)
l2tp|A|internal/component/l2tp/pool.go|16|BufSize|pool constructor (file=pool.go)|b := make([]byte, BufSize)
l2tp|A|internal/component/l2tp/tunnel_fsm.go|177|16|literal 16|ours := make([]byte, 16)
plugin-ipc|A|internal/component/plugin/ipc/tls.go|211|0, 256|builder cap (256)|buf := make([]byte, 0, 256)
plugin-ipc|A|internal/component/plugin/ipc/tls.go|212|1|literal 1|b := make([]byte, 1)
plugin-rpc|C|pkg/plugin/rpc/framing.go|41|len(msg|variable (len(msg)|result := make([]byte, len(msg))
plugin-rpc|C|pkg/plugin/rpc/framing.go|76|len(msg|variable (len(msg)|buf := make([]byte, len(msg)+1)
plugin-rpc|C|pkg/plugin/rpc/message.go|102|0, 2+20+1+len(method|builder cap variable (2+20+1+len(method)|buf := make([]byte, 0, 2+20+1+len(method)+1+len(params))
plugin-rpc|C|pkg/plugin/rpc/message.go|117|0, 2+20+4+len(result|builder cap variable (2+20+4+len(result)|buf := make([]byte, 0, 2+20+4+len(result))
plugin-rpc|C|pkg/plugin/rpc/message.go|127|0, 2+20+3|builder cap variable (2+20+3)|buf := make([]byte, 0, 2+20+3)
plugin-rpc|C|pkg/plugin/rpc/message.go|137|0, 2+20+6|builder cap variable (2+20+6)|buf := make([]byte, 0, 2+20+6)
plugin-rpc|C|pkg/plugin/rpc/message.go|143|0, 2+20+7+len(errPayload|builder cap variable (2+20+7+len(errPayload)|buf := make([]byte, 0, 2+20+7+len(errPayload))
plugin-rpc|A|pkg/plugin/rpc/batch.go|23|0, 4096|builder cap (4096)|buf := make([]byte, 0, 4096)
plugin-rpc|A|pkg/plugin/rpc/batch.go|36|0, 4096|builder cap (4096)|b := make([]byte, 0, 4096)
plugin-rpc|A|pkg/plugin/rpc/framing.go|30|initialBufSize|named constant initialBufSize|scanner.Buffer(make([]byte, initialBufSize), MaxMessageSize+1)
ppp|C|internal/component/ppp/lcp_options.go|264|2+len(o.AuthData|variable (2+len(o.AuthData)|d := make([]byte, 2+len(o.AuthData))
ppp|C|internal/component/ppp/session_run.go|575|4+len(pkt.Data|variable (4+len(pkt.Data)|sample := make([]byte, 4+len(pkt.Data))
ppp|C|internal/component/ppp/session_run.go|696|lcpHeaderLen+len(req.Data|variable (lcpHeaderLen+len(req.Data)|body := make([]byte, lcpHeaderLen+len(req.Data))
ppp|A|internal/component/ppp/lcp_options.go|149|2|literal 2|suggest := make([]byte, 2)
ppp|A|internal/component/ppp/lcp_options.go|156|2|literal 2|suggest := make([]byte, 2)
ppp|A|internal/component/ppp/lcp_options.go|259|2|literal 2|d := make([]byte, 2)
ppp|A|internal/component/ppp/lcp_options.go|270|4|literal 4|d := make([]byte, 4)
ppp|A|internal/component/ppp/lcp_options.go|275|4|literal 4|d := make([]byte, 4)
ppp|A|internal/component/ppp/session_run.go|50|MaxFrameLen|named constant MaxFrameLen|b := make([]byte, MaxFrameLen)
tacacs|C|internal/component/tacacs/acct.go|63|9+argCount+varLen|composite uint8-length fields (9+argCount+varLen)|body := make([]byte, 9+argCount+varLen)
tacacs|C|internal/component/tacacs/acct.go|120|dataLen|composite uint8-length fields (dataLen)|replyData := make([]byte, dataLen)
tacacs|C|internal/component/tacacs/authen.go|61|8+userLen+portLen+remLen+dataLen|composite uint8-length fields (8+userLen+portLen+remLen+dataLen)|body := make([]byte, 8+userLen+portLen+remLen+dataLen)
tacacs|C|internal/component/tacacs/authen.go|116|dataLen|composite uint8-length fields (dataLen)|replyData := make([]byte, dataLen)
tacacs|C|internal/component/tacacs/author.go|62|8+argCount+varLen|composite uint8-length fields (8+argCount+varLen)|body := make([]byte, 8+argCount+varLen)
tacacs|C|internal/component/tacacs/author.go|136|dataLen|composite uint8-length fields (dataLen)|respData := make([]byte, dataLen)
tacacs|C|internal/component/tacacs/packet.go|175|hdrLen+len(p.Body|variable (hdrLen+len(p.Body)|wire := make([]byte, hdrLen+len(p.Body))
tacacs|C|internal/component/tacacs/packet.go|197|bodyLen|variable (bodyLen)|body := make([]byte, bodyLen)
tacacs|A|internal/component/tacacs/packet.go|57|hdrLen|named constant hdrLen|buf := make([]byte, hdrLen)
tacacs|A|internal/component/tacacs/packet.go|105|inputLen|named constant inputLen|input := make([]byte, inputLen)
tacacs|A|internal/component/tacacs/pool.go|49|size|pool constructor (file=pool.go)|b := make([]byte, size)
tacacs|A|internal/component/tacacs/pool.go|55|size|pool constructor (file=pool.go)|b := make([]byte, size)
tacacs|A|internal/component/tacacs/pool.go|69|poolBufSize|named constant poolBufSize|b := make([]byte, poolBufSize)
